sample_id,target
ID1001187975__Dry_Clover_g,1.1588197212734193
ID1001187975__Dry_Dead_g,27.936078183322874
ID1001187975__Dry_Green_g,24.512677640321208
ID1001187975__Dry_Total_g,53.60757554491751
ID1001187975__GDM_g,25.08033933243972
