sample_id,target
ID1001187975__Dry_Clover_g,1.1782423953298102
ID1001187975__Dry_Dead_g,25.980641387452387
ID1001187975__Dry_Green_g,31.443108377515163
ID1001187975__Dry_Total_g,58.601992160297364
ID1001187975__GDM_g,31.82115837642729
