sample_id,target
ID1001187975__Dry_Clover_g,2.6146555217146954
ID1001187975__Dry_Dead_g,24.50078593272804
ID1001187975__Dry_Green_g,32.0459350457449
ID1001187975__Dry_Total_g,59.161376500187636
ID1001187975__GDM_g,33.46874036803871
