sample_id,target
ID1001187975__Dry_Clover_g,0.7208486606195327
ID1001187975__Dry_Dead_g,34.58845621722238
ID1001187975__Dry_Green_g,28.00579194452287
ID1001187975__Dry_Total_g,63.31509682236477
ID1001187975__GDM_g,27.45591579770999
